{"meta": {"args": {"-db-root": "/home/jiwei/kaggle/bbo_rapids/bbo_challenge_starter_kit/output", "--opt-root": "/home/jiwei/kaggle/bbo_rapids/bbo_challenge_starter_kit", "--db": "run_20201118_113129", "--jobs-file": null, "--ravel": false, "--verbose": false, "dry_run": false, "rev": "rapids", "opt_rev": null}, "signature": {"SVMcuml_boston_mse": [30.498988576490035, 29.9909298809706, 31.943000458688847, 32.47279712709584, 30.418428487106826]}},
"data": {"coords": {"iter": {"dims": ["iter"], "attrs": {}, "data": [0, 1, 2, 3, 4, 5, 6, 7]}, "function": {"dims": ["function"], "attrs": {}, "data": ["SVMcuml_boston_mse"]}, "objective": {"dims": ["objective"], "attrs": {}, "data": ["_visible_to_opt", "generalization"]}}, "attrs": {}, "dims": {"function": 1, "iter": 8, "objective": 2}, "data_vars": {"median": {"dims": ["iter", "function", "objective"], "attrs": {}, "data": [[[30.862555212185168, 38.13859162886263]], [[30.060536659718196, 37.36592890927628]], [[29.677840988612314, 35.258562957810696]], [[29.587453525800708, 35.1231504650861]], [[29.587453525800708, 35.1231504650861]], [[29.41708824531255, 34.884114952166854]], [[29.41708824531255, 34.884114952166854]], [[29.321445234612053, 34.68292647594351]]]}, "mean": {"dims": ["iter", "function", "objective"], "attrs": {}, "data": [[[30.378983635738678, 37.1284638980828]], [[30.050201602533676, 36.41573431804495]], [[29.82482018580162, 35.91231908046454]], [[29.667864770273475, 35.555937872602485]], [[29.555920818541857, 35.302697698861344]], [[29.47356365441164, 35.121729274877595]], [[29.41078041576311, 34.99134933739516]], [[29.361146247855423, 34.896340494984074]]]}, "clip": {"dims": ["function", "objective"], "attrs": {}, "data": [[30.862555212185168, 38.13859162886263]]}, "best": {"dims": ["function", "objective"], "attrs": {}, "data": [[25.802832913386744, 34.540169123466754]]}}}}
